{"vegas": {"1": {"1": {"delay": 103.569, "loss": 0.004504857571234422, "tput": 7.173028661880642}, "all": {"delay": 103.569, "loss": 0.004504857571234422, "tput": 7.173028661880642}}}, "bbr": {"1": {"1": {"delay": 103.396, "loss": 0.0029943556057245857, "tput": 100.14167117021361}, "all": {"delay": 103.396, "loss": 0.0029943556057245857, "tput": 100.14167117021361}}}, "cubic": {"1": {"1": {"delay": 103.48, "loss": 0.008604896448783372, "tput": 9.870842930810273}, "all": {"delay": 103.48, "loss": 0.008604896448783372, "tput": 9.870842930810273}}}}