{"bbr": {"1": {"1": {"delay": 18.989, "loss": 0.00036767012832172874, "tput": 11.976596602687003}, "all": {"delay": 18.989, "loss": 0.00036767012832172874, "tput": 11.976596602687003}}}, "cubic": {"1": {"1": {"delay": 1766.082, "loss": 0.03462912337597135, "tput": 11.991582816592919}, "all": {"delay": 1766.082, "loss": 0.03462912337597135, "tput": 11.991582816592919}}}}