{"vegas": {"1": {"1": {"delay": 305.964, "loss": 0.001799861502750244, "tput": 14.308604310783705}, "all": {"delay": 305.964, "loss": 0.001799861502750244, "tput": 14.308604310783705}}}, "bbr": {"1": {"1": {"delay": 93.527, "loss": 2.8637654101104637e-05, "tput": 13.991849255232593}, "all": {"delay": 93.527, "loss": 2.8637654101104637e-05, "tput": 13.991849255232593}}}, "cubic": {"1": {"1": {"delay": 1456.583, "loss": 0.012574474494393195, "tput": 14.351230834132771}, "all": {"delay": 1456.583, "loss": 0.012574474494393195, "tput": 14.351230834132771}}}}